original_row,outer_fold,y_true,all_features,mi_32,lr_forward,lr_forward_swap2,task2_dt_forward_k32,task2_dt_forward_single_swap_k32
2,3,-1,-1,-1,-1,-1,-1,-1
11,3,-1,-1,-1,-1,-1,-1,-1
12,3,-1,-1,-1,-1,-1,-1,-1
19,3,-1,-1,-1,-1,-1,-1,-1
31,3,-1,-1,-1,-1,-1,-1,-1
38,3,1,-1,-1,-1,-1,-1,-1
40,3,-1,1,-1,1,1,1,1
42,3,1,1,1,1,1,1,1
43,3,1,1,1,1,1,1,1
46,3,1,1,1,-1,-1,1,1
63,3,1,1,1,1,1,1,1
65,3,1,1,1,1,1,1,1
68,3,-1,-1,-1,-1,-1,-1,-1
71,3,1,1,1,1,1,1,1
72,3,-1,-1,-1,-1,-1,-1,-1
78,3,-1,-1,-1,-1,-1,-1,-1
79,3,1,1,1,1,1,1,1
85,3,1,1,1,1,1,1,1
88,3,1,1,1,1,1,1,1
91,3,1,1,1,1,1,1,1
97,3,1,1,1,1,1,1,1
104,3,1,1,1,1,1,1,1
108,3,-1,-1,-1,-1,-1,-1,-1
117,3,-1,-1,-1,-1,-1,-1,-1
121,3,-1,-1,-1,-1,-1,-1,-1
122,3,-1,-1,-1,-1,-1,-1,-1
132,3,1,1,1,1,1,1,1
133,3,1,1,1,1,1,1,1
134,3,1,1,1,1,1,1,1
137,3,-1,-1,-1,-1,-1,-1,-1
143,3,-1,-1,-1,-1,-1,-1,-1
144,3,1,1,1,1,1,1,1
145,3,1,-1,1,1,1,1,1
146,3,-1,-1,-1,-1,-1,-1,-1
148,3,-1,-1,-1,-1,-1,-1,-1
149,3,1,1,1,1,1,1,1
154,3,-1,-1,-1,-1,-1,-1,-1
163,3,1,1,1,1,1,1,1
165,3,-1,-1,-1,-1,-1,-1,-1
177,3,1,1,1,1,1,1,1
178,3,-1,-1,-1,-1,-1,-1,-1
179,3,-1,-1,-1,-1,-1,-1,-1
187,3,-1,-1,-1,-1,-1,-1,-1
194,3,-1,-1,-1,-1,-1,-1,-1
195,3,1,1,1,1,1,1,1
200,3,-1,-1,-1,-1,-1,-1,-1
207,3,1,1,1,1,1,1,1
212,3,-1,-1,-1,-1,-1,-1,-1
217,3,-1,-1,-1,-1,-1,-1,-1
218,3,-1,-1,-1,-1,-1,-1,-1
223,3,1,1,1,1,1,1,1
225,3,1,1,1,1,1,1,1
226,3,-1,-1,-1,-1,-1,-1,-1
232,3,1,-1,-1,-1,-1,-1,-1
236,3,1,1,1,1,1,1,1
245,3,-1,-1,-1,-1,-1,-1,-1
246,3,1,-1,-1,-1,-1,-1,-1
248,3,1,1,1,1,1,1,1
252,3,1,1,1,1,1,1,1
253,3,1,1,1,1,1,1,1
258,3,-1,-1,-1,-1,-1,-1,-1
259,3,1,1,1,1,1,1,1
271,3,1,1,1,1,1,1,1
275,3,1,1,1,1,1,1,1
276,3,1,1,1,1,1,1,1
285,3,-1,-1,-1,-1,-1,-1,-1
297,3,1,1,1,1,1,1,1
311,3,-1,-1,-1,-1,-1,-1,-1
312,3,-1,-1,-1,-1,-1,-1,-1
313,3,1,1,1,1,1,-1,-1
315,3,1,1,1,1,1,1,1
316,3,1,1,1,1,1,1,1
319,3,-1,-1,-1,-1,-1,-1,-1
322,3,-1,-1,-1,-1,-1,-1,-1
332,3,1,1,1,1,1,1,1
337,3,-1,-1,-1,-1,-1,-1,-1
340,3,1,1,1,1,1,1,1
343,3,1,1,1,1,1,1,1
345,3,1,1,1,1,1,1,1
349,3,1,1,1,1,1,1,1
350,3,-1,-1,-1,-1,-1,-1,-1
353,3,1,1,1,1,1,1,1
355,3,-1,-1,-1,-1,-1,-1,-1
356,3,1,1,1,1,1,1,1
369,3,1,1,-1,1,1,1,1
371,3,-1,-1,-1,-1,-1,-1,-1
378,3,-1,-1,-1,-1,-1,-1,-1
382,3,-1,-1,-1,-1,-1,-1,-1
402,3,1,1,1,1,1,1,1
406,3,1,1,1,1,1,1,1
416,3,-1,-1,-1,-1,-1,-1,-1
418,3,-1,-1,-1,-1,-1,-1,-1
423,3,-1,-1,-1,-1,-1,-1,-1
428,3,-1,-1,-1,-1,-1,-1,-1
429,3,-1,-1,-1,-1,-1,-1,-1
435,3,-1,-1,-1,-1,-1,-1,-1
437,3,1,1,1,1,1,1,1
454,3,-1,-1,-1,-1,-1,-1,-1
460,3,-1,-1,-1,-1,-1,-1,-1
463,3,-1,-1,-1,-1,-1,-1,-1
467,3,-1,-1,-1,-1,-1,-1,-1
471,3,-1,1,1,1,1,1,1
475,3,-1,-1,-1,-1,-1,-1,-1
477,3,1,-1,-1,-1,-1,-1,-1
479,3,-1,-1,-1,-1,-1,-1,-1
480,3,1,1,1,1,1,1,1
497,3,-1,-1,-1,-1,-1,-1,-1
500,3,1,1,1,1,1,1,1
503,3,1,1,1,1,1,1,1
510,3,-1,-1,-1,-1,-1,-1,-1
515,3,1,-1,-1,-1,-1,-1,-1
523,3,-1,-1,-1,-1,-1,-1,-1
527,3,1,1,1,1,1,1,1
536,3,-1,-1,-1,-1,-1,-1,-1
541,3,-1,-1,-1,-1,-1,-1,-1
542,3,-1,-1,-1,-1,-1,-1,-1
544,3,1,1,1,1,1,1,1
548,3,-1,-1,-1,-1,-1,-1,-1
555,3,-1,-1,-1,-1,-1,-1,-1
556,3,-1,-1,-1,-1,-1,-1,-1
557,3,-1,-1,-1,-1,-1,-1,-1
559,3,-1,-1,-1,-1,-1,-1,-1
566,3,-1,-1,-1,-1,-1,-1,-1
571,3,1,-1,1,1,1,1,1
572,3,-1,-1,-1,-1,-1,-1,-1
573,3,1,1,1,1,1,1,1
574,3,1,1,1,1,1,1,1
581,3,1,1,1,1,1,1,1
584,3,-1,-1,-1,-1,-1,-1,-1
585,3,-1,-1,-1,-1,-1,-1,-1
586,3,1,1,1,1,1,1,1
594,3,-1,-1,-1,-1,-1,-1,-1
609,3,-1,1,-1,-1,-1,-1,-1
620,3,1,1,1,1,1,1,1
622,3,-1,-1,-1,-1,-1,-1,-1
641,3,-1,1,-1,-1,-1,1,1
646,3,-1,-1,-1,-1,-1,-1,-1
656,3,-1,-1,-1,-1,-1,-1,-1
668,3,-1,-1,-1,-1,-1,-1,-1
676,3,-1,-1,-1,-1,-1,-1,-1
680,3,1,1,1,1,1,1,1
682,3,1,1,1,1,1,1,1
686,3,-1,-1,-1,-1,-1,-1,-1
688,3,1,1,1,1,1,1,1
689,3,1,1,1,1,1,1,1
706,3,1,1,1,1,1,1,1
714,3,1,1,1,1,1,1,1
718,3,1,-1,-1,-1,-1,-1,-1
724,3,-1,-1,-1,-1,-1,-1,-1
727,3,1,1,1,1,1,1,1
729,3,-1,-1,-1,-1,-1,-1,-1
730,3,1,1,1,1,1,1,1
741,3,1,1,1,1,1,1,1
742,3,-1,-1,-1,-1,-1,-1,-1
744,3,-1,-1,-1,-1,-1,-1,-1
752,3,-1,-1,-1,-1,-1,-1,-1
755,3,-1,-1,-1,-1,-1,-1,-1
756,3,-1,-1,-1,-1,-1,-1,-1
765,3,-1,-1,-1,-1,-1,-1,-1
773,3,-1,-1,-1,-1,-1,-1,-1
775,3,1,1,1,1,1,1,1
777,3,-1,-1,-1,-1,-1,-1,-1
779,3,-1,-1,-1,-1,-1,-1,-1
785,3,1,1,1,1,1,1,1
797,3,1,1,1,1,1,1,1
799,3,1,1,1,1,1,1,1
801,3,-1,-1,-1,-1,-1,-1,-1
813,3,-1,-1,-1,-1,-1,-1,-1
817,3,-1,-1,-1,-1,-1,-1,-1
820,3,-1,-1,1,-1,-1,1,1
823,3,1,1,1,1,1,1,1
834,3,-1,-1,-1,-1,-1,-1,-1
836,3,1,-1,-1,-1,-1,-1,-1
839,3,-1,-1,-1,-1,-1,-1,-1
840,3,-1,1,1,-1,-1,1,1
843,3,-1,-1,-1,-1,-1,-1,-1
849,3,1,-1,-1,-1,-1,-1,-1
851,3,1,1,1,1,1,1,1
853,3,-1,-1,-1,-1,-1,1,1
856,3,-1,-1,-1,-1,-1,-1,-1
858,3,-1,-1,-1,-1,-1,-1,-1
865,3,-1,-1,-1,-1,-1,-1,-1
867,3,1,1,1,1,1,1,1
872,3,1,1,1,1,1,1,1
874,3,-1,-1,-1,-1,-1,-1,-1
876,3,1,1,1,1,1,1,1
880,3,-1,-1,-1,-1,-1,-1,-1
884,3,-1,-1,-1,-1,-1,-1,-1
886,3,-1,-1,-1,-1,-1,-1,-1
887,3,1,1,1,1,1,1,1
891,3,-1,-1,-1,-1,-1,-1,-1
892,3,-1,-1,-1,-1,-1,-1,-1
904,3,-1,-1,-1,-1,-1,-1,-1
916,3,-1,-1,-1,-1,-1,-1,-1
917,3,-1,-1,-1,-1,-1,-1,-1
933,3,-1,-1,-1,-1,-1,-1,-1
935,3,1,1,1,1,1,1,1
936,3,1,1,1,1,1,1,1
940,3,-1,-1,-1,-1,-1,-1,-1
951,3,1,1,1,1,1,1,1
952,3,-1,-1,-1,-1,-1,-1,-1
958,3,-1,-1,-1,-1,-1,-1,-1
962,3,1,1,1,1,1,1,1
963,3,-1,-1,-1,-1,-1,-1,-1
974,3,1,-1,-1,-1,-1,-1,-1
981,3,1,1,1,1,1,1,1
982,3,-1,-1,-1,-1,-1,-1,-1
984,3,1,-1,-1,-1,-1,-1,-1
992,3,-1,-1,-1,-1,-1,-1,-1
999,3,1,1,1,1,1,1,1
1002,3,1,1,1,1,1,1,1
1003,3,1,1,1,1,1,1,1
1004,3,-1,-1,-1,-1,-1,-1,-1
1016,3,1,1,1,1,1,1,1
1017,3,-1,-1,-1,-1,-1,-1,-1
1018,3,1,1,1,1,1,1,1
1021,3,-1,-1,-1,-1,-1,-1,-1
1023,3,1,1,1,1,1,1,1
1032,3,1,1,1,1,1,1,1
1033,3,1,1,1,1,1,1,1
1035,3,1,1,1,1,1,1,1
1047,3,-1,-1,-1,-1,-1,-1,-1
1055,3,1,1,1,1,1,1,1
1066,3,-1,-1,-1,-1,-1,-1,-1
1073,3,-1,-1,-1,-1,-1,-1,-1
1076,3,1,1,1,1,1,1,1
1079,3,1,1,1,1,1,1,1
1083,3,1,1,1,1,1,1,1
1084,3,-1,-1,-1,-1,-1,-1,-1
1087,3,-1,-1,-1,-1,-1,-1,-1
1088,3,1,1,1,1,1,1,1
1090,3,1,1,1,1,1,1,1
1091,3,-1,-1,-1,-1,-1,-1,-1
1093,3,1,1,1,1,1,1,1
1095,3,1,1,1,1,1,1,1
1100,3,-1,-1,-1,-1,-1,-1,-1
1106,3,-1,-1,-1,-1,-1,-1,-1
1110,3,1,1,1,1,1,1,1
1117,3,-1,-1,-1,-1,-1,-1,-1
1121,3,-1,-1,-1,-1,-1,-1,-1
1126,3,1,1,1,1,1,1,1
1142,3,-1,-1,-1,-1,-1,-1,-1
1143,3,-1,-1,-1,-1,-1,-1,-1
1147,3,-1,-1,-1,-1,-1,-1,-1
1172,3,1,1,1,1,1,1,1
1174,3,1,1,1,1,1,1,1
1176,3,-1,-1,-1,-1,-1,-1,-1
1180,3,-1,-1,-1,-1,-1,-1,-1
1188,3,1,1,1,1,1,1,1
1190,3,-1,-1,-1,-1,-1,1,1
1192,3,1,1,1,1,1,1,1
1193,3,-1,1,-1,-1,-1,-1,-1
1199,3,-1,-1,-1,-1,-1,-1,-1
1201,3,1,1,1,1,1,1,1
1202,3,-1,-1,-1,-1,-1,-1,-1
1204,3,1,-1,-1,-1,-1,-1,-1
1205,3,1,1,1,1,1,1,1
1207,3,1,1,1,1,1,1,1
1208,3,1,1,1,1,1,1,1
1213,3,1,1,1,1,1,1,1
1216,3,-1,-1,-1,-1,-1,-1,-1
1219,3,1,1,1,1,1,1,1
1222,3,-1,-1,-1,-1,-1,-1,-1
1227,3,-1,1,1,1,1,1,1
1230,3,-1,-1,-1,-1,-1,-1,-1
1241,3,-1,-1,-1,-1,-1,-1,-1
1242,3,1,1,1,1,1,1,1
1245,3,-1,-1,-1,-1,-1,-1,-1
1256,3,1,1,1,1,1,1,1
1257,3,1,1,1,1,1,1,1
1262,3,-1,1,1,-1,-1,-1,-1
1266,3,-1,-1,-1,1,1,1,-1
1276,3,-1,-1,-1,-1,-1,-1,-1
1282,3,1,1,1,1,1,1,1
1297,3,1,1,1,1,1,1,1
1304,3,1,1,1,1,1,1,1
1309,3,-1,-1,-1,-1,-1,-1,-1
1317,3,1,1,1,1,1,1,1
1319,3,1,1,1,1,1,1,1
1322,3,-1,-1,-1,-1,-1,-1,-1
1329,3,-1,1,1,1,1,1,1
1335,3,-1,-1,-1,-1,-1,-1,-1
1337,3,-1,-1,-1,-1,-1,-1,-1
1338,3,1,1,1,1,1,1,1
1339,3,1,1,1,1,1,1,1
1340,3,1,1,1,1,1,1,1
1342,3,1,1,1,1,1,1,1
1359,3,1,1,1,1,1,1,1
1362,3,1,1,1,1,1,1,1
1374,3,-1,-1,-1,-1,-1,-1,-1
1377,3,-1,1,1,1,1,1,1
1384,3,-1,-1,-1,-1,-1,-1,-1
1395,3,-1,-1,-1,-1,-1,-1,-1
1404,3,-1,-1,-1,-1,-1,-1,-1
1405,3,1,1,1,1,1,1,1
1413,3,1,-1,-1,-1,-1,-1,-1
1417,3,-1,-1,-1,-1,-1,-1,-1
1419,3,1,1,1,1,1,1,1
1424,3,1,1,1,1,1,1,1
1429,3,1,1,1,1,1,1,1
1430,3,-1,-1,-1,-1,-1,-1,-1
1432,3,-1,-1,-1,-1,-1,-1,-1
1436,3,1,1,1,1,1,1,1
1440,3,-1,-1,-1,-1,-1,-1,-1
1441,3,-1,-1,-1,-1,-1,-1,-1
1447,3,1,1,1,1,1,1,1
1450,3,1,1,1,1,1,1,1
1454,3,-1,-1,-1,-1,-1,1,1
1457,3,-1,-1,-1,-1,-1,-1,-1
1459,3,1,1,1,1,1,1,1
1470,3,-1,-1,-1,-1,-1,-1,-1
1486,3,-1,-1,-1,-1,-1,-1,-1
1493,3,1,1,1,1,1,1,1
1506,3,-1,-1,-1,-1,-1,-1,-1
1507,3,1,1,1,1,1,1,1
1513,3,1,1,1,1,1,1,1
1515,3,1,1,1,1,1,1,1
1525,3,1,1,1,1,1,1,1
1545,3,-1,-1,-1,-1,-1,-1,-1
1549,3,1,-1,-1,-1,-1,1,1
1551,3,1,1,1,1,1,1,1
1558,3,1,1,1,1,1,1,1
1559,3,1,1,1,1,1,1,1
1561,3,-1,-1,-1,-1,-1,1,1
1562,3,-1,-1,-1,-1,-1,-1,-1
1565,3,1,1,1,1,1,1,1
1571,3,-1,-1,-1,-1,-1,-1,-1
1588,3,1,1,1,-1,-1,1,1
1592,3,-1,-1,-1,-1,-1,-1,-1
1594,3,1,1,1,1,1,1,1
1612,3,1,1,1,1,1,1,1
1613,3,1,1,1,1,1,1,1
1619,3,-1,-1,-1,-1,-1,-1,-1
1623,3,1,1,1,1,1,1,1
1625,3,1,1,1,1,1,1,1
1626,3,-1,-1,-1,-1,-1,-1,-1
1633,3,1,1,1,-1,-1,1,1
1634,3,-1,-1,-1,-1,-1,-1,-1
1635,3,1,1,1,1,1,1,1
1642,3,-1,-1,-1,-1,-1,1,1
1647,3,-1,-1,-1,-1,-1,-1,-1
1649,3,-1,-1,-1,-1,-1,-1,-1
1656,3,-1,-1,-1,-1,-1,-1,-1
1657,3,-1,-1,-1,-1,-1,-1,-1
1658,3,-1,-1,-1,-1,-1,-1,-1
1663,3,1,1,1,1,1,1,1
1665,3,-1,-1,-1,-1,-1,-1,-1
1694,3,-1,-1,-1,-1,-1,-1,-1
1706,3,1,1,1,1,1,1,1
1710,3,1,1,1,1,1,1,1
1718,3,-1,-1,-1,-1,-1,-1,-1
1720,3,1,1,1,1,1,1,1
1723,3,-1,-1,-1,-1,-1,-1,-1
1733,3,1,1,1,1,1,1,1
1734,3,-1,-1,-1,-1,-1,-1,-1
1738,3,-1,-1,-1,-1,-1,-1,-1
1739,3,1,1,1,1,1,1,1
1743,3,-1,-1,-1,-1,-1,-1,-1
1748,3,-1,-1,-1,-1,-1,-1,-1
1764,3,1,1,1,1,1,1,1
1768,3,-1,-1,-1,-1,-1,-1,-1
1770,3,1,1,1,1,1,1,1
1774,3,1,1,1,1,1,1,1
1777,3,-1,-1,-1,-1,-1,-1,-1
1780,3,1,1,1,1,1,1,1
1781,3,-1,1,1,1,1,1,1
1784,3,1,1,1,1,1,1,1
1791,3,-1,-1,-1,-1,-1,-1,-1
1793,3,-1,-1,-1,-1,-1,-1,-1
1808,3,-1,-1,-1,-1,-1,-1,-1
1811,3,-1,-1,-1,-1,-1,-1,-1
1821,3,1,-1,-1,-1,-1,-1,-1
1825,3,-1,-1,-1,-1,-1,-1,-1
1827,3,-1,-1,-1,-1,-1,-1,-1
1833,3,1,1,1,1,1,1,1
1835,3,-1,-1,-1,-1,-1,-1,-1
1840,3,1,1,1,1,1,1,1
1845,3,-1,-1,-1,-1,-1,-1,-1
1847,3,1,1,1,1,1,1,1
1878,3,1,-1,-1,-1,-1,-1,-1
1880,3,1,1,1,1,1,1,1
1890,3,-1,-1,-1,-1,-1,-1,-1
1892,3,1,1,1,1,1,1,1
1896,3,-1,-1,-1,-1,-1,-1,-1
1897,3,1,1,1,1,1,1,1
1900,3,-1,-1,-1,-1,-1,-1,-1
1908,3,1,-1,-1,-1,-1,-1,-1
1911,3,1,1,1,1,1,1,1
1927,3,1,1,1,1,1,1,1
1929,3,1,1,1,1,1,1,1
1932,3,-1,-1,-1,-1,-1,-1,-1
1952,3,1,1,1,1,1,1,1
1954,3,1,1,1,1,1,1,1
1956,3,1,1,1,1,1,1,1
1958,3,-1,-1,-1,-1,-1,-1,-1
1960,3,1,1,1,1,1,1,1
1981,3,-1,-1,-1,-1,-1,-1,-1
1983,3,-1,-1,-1,-1,-1,-1,-1
1985,3,1,1,1,1,1,1,1
1989,3,1,1,1,1,1,1,1
1993,3,-1,-1,-1,-1,-1,-1,-1
1999,3,-1,-1,-1,-1,-1,-1,-1
2000,3,-1,-1,-1,-1,-1,-1,-1
2003,3,1,1,1,1,1,1,1
2004,3,-1,-1,-1,-1,-1,-1,-1
2010,3,-1,-1,-1,-1,-1,-1,-1
2017,3,-1,-1,-1,-1,-1,-1,-1
2018,3,-1,-1,-1,-1,-1,-1,-1
2019,3,-1,-1,-1,-1,-1,-1,-1
2027,3,-1,-1,-1,-1,-1,-1,-1
2034,3,1,1,-1,-1,-1,-1,-1
2037,3,1,1,1,1,1,1,1
2038,3,1,1,1,1,1,1,1
2050,3,-1,-1,-1,-1,-1,-1,-1
2057,3,-1,-1,-1,-1,-1,-1,-1
2058,3,-1,-1,-1,-1,-1,-1,-1
2059,3,-1,-1,-1,-1,-1,-1,-1
2061,3,1,1,1,1,1,1,1
2062,3,-1,1,1,-1,-1,1,1
2069,3,1,1,1,1,1,1,1
2088,3,-1,1,-1,-1,-1,-1,-1
2090,3,1,1,1,1,1,1,1
2101,3,1,1,1,1,1,1,1
2102,3,1,1,1,1,1,1,1
2108,3,-1,-1,-1,-1,-1,-1,-1
2112,3,-1,-1,-1,-1,-1,-1,-1
2114,3,-1,-1,-1,-1,-1,-1,-1
2115,3,1,1,1,1,1,1,1
2116,3,-1,-1,-1,-1,-1,-1,-1
2120,3,-1,-1,-1,-1,-1,-1,-1
2125,3,1,1,1,1,1,1,1
2131,3,-1,-1,-1,-1,-1,-1,-1
2137,3,1,1,1,1,1,1,1
2139,3,1,1,1,1,1,1,1
2140,3,1,1,1,1,1,1,1
2151,3,-1,-1,-1,-1,-1,-1,-1
2159,3,-1,-1,-1,-1,-1,-1,-1
2164,3,1,1,1,1,1,1,1
2165,3,1,1,1,1,1,1,1
2172,3,1,1,1,1,1,1,1
2175,3,1,1,1,1,1,1,1
2183,3,1,1,1,1,1,1,1
2186,3,1,1,1,1,1,-1,-1
2196,3,-1,-1,-1,-1,-1,-1,-1
2203,3,-1,-1,-1,-1,-1,1,1
2208,3,-1,1,1,1,1,1,1
2222,3,-1,1,-1,-1,-1,-1,-1
2225,3,1,1,1,1,1,1,1
2226,3,1,1,1,1,1,1,1
2239,3,-1,1,1,1,1,1,1
2244,3,-1,-1,-1,-1,-1,-1,-1
2245,3,1,1,1,1,1,1,1
2247,3,1,1,1,1,1,1,1
2249,3,-1,-1,-1,-1,-1,-1,-1
2272,3,-1,-1,-1,-1,-1,-1,-1
2276,3,-1,-1,-1,-1,-1,-1,-1
2277,3,-1,-1,-1,1,1,1,1
2278,3,-1,-1,-1,-1,-1,-1,-1
2288,3,1,1,1,1,1,1,1
2299,3,-1,-1,-1,-1,-1,-1,-1
2308,3,-1,-1,-1,-1,-1,-1,-1
2314,3,1,1,1,1,1,1,1
2316,3,1,1,1,1,1,1,1
2321,3,1,-1,-1,-1,-1,-1,-1
2323,3,-1,1,1,1,1,1,1
2324,3,-1,-1,-1,-1,-1,-1,-1
2326,3,1,1,1,1,1,1,1
2328,3,1,1,1,-1,-1,-1,-1
2334,3,1,1,1,1,1,1,1
2338,3,1,1,1,1,1,1,1
2345,3,1,1,1,1,1,1,1
2348,3,-1,-1,-1,-1,-1,-1,-1
2361,3,1,1,1,1,1,1,1
2368,3,-1,-1,-1,-1,-1,-1,-1
2375,3,-1,-1,-1,-1,-1,-1,-1
2387,3,1,1,1,1,1,1,1
2388,3,1,1,1,1,1,1,1
2398,3,1,1,1,1,1,1,1
2401,3,1,1,1,1,1,1,1
2402,3,-1,-1,-1,-1,-1,-1,-1
2416,3,1,1,1,1,1,1,1
2420,3,-1,-1,-1,-1,-1,-1,-1
2426,3,-1,-1,-1,-1,-1,-1,-1
2427,3,1,1,1,1,1,1,1
2431,3,1,1,1,1,1,1,1
2447,3,1,1,1,1,1,-1,-1
2456,3,-1,-1,-1,-1,-1,-1,-1
2457,3,-1,-1,-1,-1,-1,-1,-1
2459,3,-1,-1,-1,-1,-1,-1,-1
2462,3,-1,-1,-1,-1,-1,-1,-1
2476,3,1,1,1,1,1,1,1
2480,3,-1,-1,-1,-1,-1,-1,-1
2489,3,1,1,1,1,1,1,1
2491,3,-1,-1,-1,-1,-1,-1,-1
2492,3,1,1,1,1,1,1,1
2496,3,-1,-1,-1,-1,-1,-1,-1
2497,3,1,1,1,1,1,1,1
2498,3,-1,-1,-1,-1,-1,-1,-1
2505,3,1,1,1,1,1,1,1
2509,3,-1,-1,-1,-1,-1,-1,-1
2512,3,1,1,1,1,1,1,1
2513,3,-1,-1,-1,-1,-1,-1,-1
2520,3,1,1,1,1,1,1,1
2521,3,1,1,1,1,1,1,1
2539,3,1,1,1,1,1,1,1
2545,3,1,1,1,1,1,1,1
2547,3,-1,-1,-1,-1,-1,-1,-1
2549,3,1,1,1,1,1,1,1
2553,3,-1,-1,-1,-1,-1,-1,-1
2573,3,-1,-1,-1,-1,-1,-1,-1
2575,3,-1,-1,-1,-1,-1,-1,-1
2583,3,1,1,1,1,1,1,1
2586,3,1,1,1,1,1,1,1
2592,3,1,1,1,1,1,1,1
2594,3,-1,-1,-1,-1,-1,-1,-1
2595,3,1,1,1,1,1,1,1
2596,3,-1,-1,-1,-1,-1,-1,-1
2598,3,-1,-1,-1,-1,-1,-1,-1
2599,3,-1,-1,-1,-1,-1,-1,-1
2601,3,1,1,1,1,1,1,1
2619,3,1,-1,-1,-1,-1,-1,-1
2621,3,-1,-1,-1,-1,-1,-1,-1
2624,3,1,1,1,1,1,1,1
2630,3,-1,1,1,1,1,1,1
2633,3,-1,-1,-1,-1,-1,-1,-1
2634,3,-1,-1,-1,-1,-1,-1,-1
2641,3,-1,-1,-1,-1,-1,-1,-1
2644,3,1,1,1,1,1,1,1
2646,3,-1,-1,-1,-1,-1,-1,-1
2647,3,-1,-1,-1,-1,-1,-1,-1
2648,3,-1,-1,-1,-1,-1,-1,-1
2654,3,1,1,1,1,1,1,1
2658,3,1,-1,-1,-1,-1,-1,-1
2670,3,-1,-1,-1,-1,-1,-1,-1
2674,3,1,1,1,1,1,1,1
2677,3,-1,-1,-1,-1,-1,-1,-1
2684,3,1,1,1,1,1,1,1
2687,3,-1,-1,-1,-1,-1,-1,-1
2700,3,-1,-1,-1,-1,-1,-1,-1
2701,3,1,1,1,-1,-1,1,1
2706,3,-1,-1,-1,-1,-1,-1,-1
2710,3,-1,-1,-1,-1,-1,-1,-1
2711,3,-1,-1,-1,-1,-1,-1,-1
2712,3,1,1,1,1,1,1,1
2715,3,-1,-1,-1,-1,-1,-1,-1
2724,3,1,1,1,1,1,1,1
2726,3,-1,-1,-1,-1,-1,-1,-1
2727,3,1,1,1,1,1,1,1
2736,3,1,1,1,1,1,1,1
2746,3,-1,-1,-1,-1,-1,-1,-1
2750,3,1,1,1,1,1,1,1
2755,3,1,1,1,1,1,1,1
2765,3,-1,-1,-1,-1,-1,-1,-1
2773,3,1,1,1,1,1,1,1
2782,3,1,1,1,1,1,1,1
2784,3,-1,-1,-1,-1,-1,-1,-1
2785,3,1,1,1,1,1,1,1
2790,3,-1,-1,-1,-1,-1,-1,-1
2792,3,-1,-1,-1,-1,-1,-1,-1
2798,3,-1,-1,-1,-1,-1,-1,-1
2802,3,1,1,1,1,1,1,1
2803,3,1,1,1,1,1,1,1
2805,3,1,1,-1,1,1,1,1
2809,3,-1,-1,-1,-1,-1,-1,-1
2821,3,1,1,1,1,1,1,1
2822,3,1,1,1,1,1,1,1
2824,3,-1,-1,-1,-1,-1,-1,-1
2826,3,-1,-1,-1,-1,-1,-1,-1
2827,3,1,1,1,1,1,1,1
2831,3,-1,-1,-1,-1,-1,-1,-1
2834,3,1,1,1,1,1,1,1
2836,3,1,1,1,1,1,1,1
2848,3,1,1,1,1,1,1,1
2853,3,1,1,1,1,1,1,1
2857,3,1,-1,-1,-1,-1,-1,-1
2858,3,1,1,1,1,1,1,1
2870,3,1,-1,-1,-1,-1,-1,-1
2872,3,1,1,1,1,1,1,1
2876,3,1,1,1,1,1,1,1
2877,3,-1,-1,-1,-1,-1,-1,-1
2884,3,-1,1,1,1,1,1,1
2885,3,1,1,1,1,1,1,1
2893,3,-1,-1,-1,-1,-1,-1,-1
2895,3,1,1,1,1,1,1,1
2898,3,1,-1,-1,-1,-1,-1,-1
2910,3,-1,1,1,-1,-1,1,1
2911,3,-1,-1,-1,-1,-1,-1,-1
2928,3,1,1,1,1,1,1,1
2929,3,-1,-1,-1,-1,-1,-1,-1
2932,3,-1,-1,-1,-1,-1,-1,-1
2934,3,-1,-1,-1,-1,-1,-1,-1
2940,3,1,1,1,1,1,1,1
2945,3,-1,-1,-1,-1,-1,-1,-1
2955,3,-1,-1,-1,-1,-1,1,1
2956,3,-1,-1,-1,-1,-1,-1,-1
2958,3,-1,-1,-1,-1,-1,-1,-1
2959,3,-1,-1,-1,-1,-1,-1,-1
2960,3,-1,-1,-1,-1,-1,-1,-1
2964,3,-1,-1,-1,-1,-1,-1,-1
2967,3,-1,-1,-1,-1,-1,-1,-1
2980,3,-1,-1,-1,-1,-1,-1,-1
2986,3,1,1,1,1,1,1,1
2988,3,1,1,1,1,1,1,1
2998,3,-1,-1,-1,-1,-1,-1,-1
3008,3,1,1,1,1,1,1,1
3014,3,1,-1,-1,-1,-1,-1,-1
3016,3,-1,-1,-1,-1,-1,-1,-1
3018,3,-1,-1,-1,-1,-1,-1,-1
3021,3,1,1,1,1,1,1,1
3026,3,-1,-1,-1,-1,-1,-1,-1
3029,3,1,1,1,1,1,1,1
3032,3,1,1,1,1,1,1,1
3035,3,1,1,1,1,1,1,1
3038,3,1,1,1,1,1,1,1
3039,3,-1,-1,-1,-1,-1,-1,-1
3040,3,1,-1,-1,-1,-1,-1,-1
3047,3,-1,1,1,1,1,1,1
3051,3,-1,-1,-1,-1,-1,-1,-1
3057,3,1,1,1,1,1,1,1
3065,3,-1,-1,-1,-1,-1,-1,-1
3070,3,-1,-1,-1,-1,-1,-1,-1
3079,3,-1,1,1,1,1,1,1
3080,3,1,-1,-1,-1,-1,-1,-1
3081,3,-1,-1,-1,-1,-1,-1,-1
3091,3,1,1,1,1,1,1,1
3099,3,1,1,1,1,1,1,1
3100,3,1,1,1,1,1,1,1
3101,3,1,1,1,1,1,1,1
3108,3,1,1,1,1,1,1,1
3113,3,1,1,1,1,1,1,1
3115,3,1,1,1,1,1,1,1
3120,3,1,1,1,1,1,1,1
3122,3,-1,-1,-1,-1,-1,-1,-1
3134,3,1,1,1,1,1,1,1
3140,3,-1,-1,-1,-1,-1,-1,-1
3146,3,-1,-1,-1,-1,-1,-1,-1
3148,3,1,1,1,1,1,1,1
3152,3,1,1,1,1,1,1,1
3159,3,-1,-1,-1,-1,-1,-1,-1
3170,3,1,1,1,1,1,1,1
3183,3,1,-1,-1,1,1,1,-1
3185,3,-1,-1,-1,-1,-1,-1,-1
3187,3,-1,-1,-1,-1,-1,-1,-1
3188,3,1,1,1,1,1,1,1
3190,3,1,1,1,1,1,1,1
3193,3,1,-1,-1,1,1,1,1
3195,3,1,1,1,1,1,1,1
3197,3,1,1,1,1,1,1,1
3206,3,1,1,1,1,1,1,1
3208,3,1,1,1,1,1,1,1
3209,3,1,1,1,1,1,1,1
3216,3,1,1,1,1,1,1,1
3218,3,1,1,1,1,1,1,1
3219,3,1,-1,-1,-1,-1,-1,-1
3220,3,-1,-1,-1,-1,-1,-1,-1
3224,3,1,1,1,1,1,1,1
3229,3,-1,-1,-1,-1,-1,-1,-1
3231,3,-1,-1,-1,-1,-1,-1,-1
3240,3,1,1,1,1,1,1,1
3241,3,-1,-1,-1,-1,-1,-1,-1
3244,3,-1,-1,-1,-1,-1,-1,-1
3260,3,-1,-1,-1,-1,-1,-1,-1
3262,3,1,1,1,1,1,1,1
3280,3,-1,-1,-1,-1,-1,-1,-1
3287,3,-1,-1,-1,-1,-1,-1,-1
3291,3,1,1,1,1,1,1,1
3293,3,-1,-1,-1,-1,-1,-1,-1
3298,3,1,1,1,1,1,1,1
3305,3,-1,-1,-1,-1,-1,-1,-1
3306,3,1,1,1,1,1,1,1
3310,3,1,1,1,1,1,1,1
3315,3,1,-1,-1,-1,-1,-1,-1
3316,3,1,1,1,1,1,1,1
3318,3,1,1,1,1,1,1,1
3320,3,-1,-1,-1,-1,-1,-1,-1
3322,3,1,-1,-1,-1,-1,-1,-1
3330,3,-1,1,1,1,1,1,1
3334,3,-1,-1,-1,-1,-1,-1,-1
3359,3,-1,-1,-1,-1,-1,-1,-1
3363,3,-1,-1,-1,-1,-1,-1,-1
3367,3,1,1,1,1,1,1,1
3372,3,-1,-1,-1,-1,-1,-1,-1
3375,3,-1,-1,-1,-1,-1,-1,-1
3378,3,1,1,1,1,1,1,1
3387,3,1,-1,-1,-1,-1,-1,-1
3394,3,-1,-1,-1,-1,-1,-1,-1
3397,3,-1,-1,-1,-1,-1,-1,-1
3400,3,-1,-1,-1,-1,-1,-1,-1
3414,3,1,1,1,1,1,1,1
3422,3,1,1,1,1,1,1,1
3424,3,1,1,1,1,1,1,1
3425,3,1,1,1,1,1,1,1
3426,3,1,-1,-1,-1,-1,-1,-1
3434,3,-1,-1,-1,-1,-1,-1,-1
3439,3,-1,-1,-1,-1,-1,1,1
3461,3,1,1,1,1,1,1,1
3465,3,-1,-1,-1,-1,-1,-1,-1
3474,3,-1,-1,-1,-1,-1,-1,-1
3475,3,1,1,1,1,1,1,1
3478,3,-1,-1,-1,-1,-1,-1,-1
3497,3,-1,-1,-1,-1,-1,-1,-1
3501,3,-1,-1,-1,-1,-1,-1,-1
3503,3,-1,-1,-1,-1,-1,-1,-1
3509,3,1,1,1,1,1,-1,-1
3515,3,1,1,1,1,1,1,1
3519,3,-1,1,1,1,1,-1,-1
3525,3,-1,-1,-1,-1,-1,-1,-1
3526,3,-1,-1,-1,-1,-1,-1,-1
3535,3,-1,-1,-1,-1,-1,-1,-1
3549,3,-1,-1,-1,-1,-1,-1,-1
3551,3,1,1,1,1,1,1,1
3555,3,-1,-1,-1,-1,-1,-1,-1
3558,3,1,1,1,1,1,1,1
3561,3,-1,-1,-1,-1,-1,-1,-1
3565,3,-1,-1,-1,-1,-1,-1,-1
3566,3,-1,-1,-1,-1,-1,-1,-1
3571,3,-1,-1,-1,-1,-1,-1,-1
3580,3,1,1,1,1,1,1,1
3584,3,1,-1,-1,1,1,1,1
3586,3,-1,-1,-1,-1,-1,-1,-1
3591,3,-1,-1,-1,-1,-1,-1,-1
3592,3,-1,-1,-1,-1,-1,-1,-1
3600,3,-1,-1,-1,-1,-1,-1,-1
3615,3,1,1,1,1,1,1,1
3616,3,-1,-1,-1,-1,-1,1,1
3625,3,1,1,1,1,1,1,1
3627,3,1,1,1,1,1,1,1
3628,3,-1,-1,-1,-1,-1,-1,-1
3637,3,-1,-1,-1,-1,-1,-1,-1
3643,3,1,1,1,1,1,1,1
3645,3,-1,-1,-1,-1,-1,-1,-1
3656,3,1,1,1,1,1,1,1
3660,3,-1,-1,-1,-1,-1,-1,-1
3661,3,-1,-1,-1,-1,-1,-1,-1
3671,3,-1,-1,-1,-1,-1,-1,-1
3674,3,-1,1,1,1,1,1,1
3678,3,1,1,1,1,1,1,1
3680,3,1,1,1,1,1,1,1
3684,3,1,1,1,1,1,1,1
3701,3,1,1,1,1,1,1,1
3704,3,-1,-1,-1,-1,-1,-1,-1
3706,3,-1,-1,-1,-1,-1,-1,-1
3708,3,-1,-1,-1,-1,-1,-1,-1
3721,3,1,1,1,1,1,1,1
3723,3,-1,-1,-1,-1,-1,-1,-1
3724,3,1,1,1,1,1,1,1
3729,3,-1,-1,-1,-1,-1,-1,-1
3743,3,1,1,1,1,1,1,1
3751,3,-1,-1,-1,-1,-1,-1,-1
3755,3,1,1,1,1,1,1,1
3758,3,-1,-1,-1,-1,-1,-1,-1
3768,3,-1,-1,-1,-1,-1,-1,-1
3772,3,1,1,-1,-1,-1,1,1
3777,3,-1,-1,-1,-1,-1,-1,-1
3787,3,-1,-1,-1,-1,-1,1,1
3790,3,1,1,1,1,1,1,1
3793,3,-1,-1,-1,-1,-1,-1,-1
3795,3,-1,-1,-1,-1,-1,-1,-1
3798,3,-1,-1,-1,1,1,1,1
3803,3,-1,-1,-1,-1,-1,-1,-1
3812,3,1,-1,-1,-1,-1,-1,-1
3821,3,-1,-1,-1,-1,-1,-1,-1
3822,3,-1,-1,-1,-1,-1,-1,-1
3828,3,-1,-1,-1,-1,-1,-1,-1
3832,3,1,1,1,1,1,1,1
3833,3,-1,-1,-1,-1,-1,-1,-1
3836,3,1,1,1,1,1,1,1
3837,3,-1,-1,-1,-1,-1,-1,-1
3846,3,1,1,1,1,1,1,1
3847,3,-1,1,1,1,1,1,1
3857,3,1,1,1,1,1,1,1
3862,3,1,1,1,1,1,1,1
3869,3,-1,-1,-1,-1,-1,-1,-1
3874,3,-1,-1,-1,-1,-1,-1,-1
3880,3,1,1,1,1,1,1,1
3884,3,1,1,1,1,1,1,1
3885,3,1,1,1,1,1,1,1
3886,3,1,1,1,1,1,1,1
3887,3,1,1,1,1,1,-1,1
